{
  "hash": "258183ae",
  "configHash": "ad00dde1",
  "lockfileHash": "b27b8f31",
  "browserHash": "b42056c2",
  "optimized": {
    "@angular/common": {
      "src": "../../../../../../node_modules/@angular/common/fesm2022/common.mjs",
      "file": "@angular_common.js",
      "fileHash": "43124925",
      "needsInterop": false
    },
    "@angular/core": {
      "src": "../../../../../../node_modules/@angular/core/fesm2022/core.mjs",
      "file": "@angular_core.js",
      "fileHash": "f0e2271e",
      "needsInterop": false
    },
    "@angular/platform-browser": {
      "src": "../../../../../../node_modules/@angular/platform-browser/fesm2022/platform-browser.mjs",
      "file": "@angular_platform-browser.js",
      "fileHash": "eafb93f0",
      "needsInterop": false
    },
    "@angular/router": {
      "src": "../../../../../../node_modules/@angular/router/fesm2022/router.mjs",
      "file": "@angular_router.js",
      "fileHash": "eb213b74",
      "needsInterop": false
    },
    "rxjs-compat": {
      "src": "../../../../../../node_modules/rxjs-compat/Rx.js",
      "file": "rxjs-compat.js",
      "fileHash": "dd234d96",
      "needsInterop": true
    },
    "rxjs": {
      "src": "../../../../../../node_modules/rxjs/_esm5/index.js",
      "file": "rxjs.js",
      "fileHash": "ea12062f",
      "needsInterop": false
    }
  },
  "chunks": {
    "chunk-ILQP4HSZ": {
      "file": "chunk-ILQP4HSZ.js"
    },
    "chunk-XXZWTZXK": {
      "file": "chunk-XXZWTZXK.js"
    },
    "chunk-TFSWMAVQ": {
      "file": "chunk-TFSWMAVQ.js"
    },
    "chunk-QQYHD5XP": {
      "file": "chunk-QQYHD5XP.js"
    },
    "chunk-C3SEPGQU": {
      "file": "chunk-C3SEPGQU.js"
    }
  }
}