{
  "hash": "58f262ed",
  "configHash": "dc859073",
  "lockfileHash": "ff5ed889",
  "browserHash": "9248c5d0",
  "optimized": {
    "@angular/common": {
      "src": "../../../../../../node_modules/@angular/common/fesm2022/common.mjs",
      "file": "@angular_common.js",
      "fileHash": "4f6423a4",
      "needsInterop": false
    },
    "@angular/core": {
      "src": "../../../../../../node_modules/@angular/core/fesm2022/core.mjs",
      "file": "@angular_core.js",
      "fileHash": "9b3d560c",
      "needsInterop": false
    },
    "@angular/platform-browser": {
      "src": "../../../../../../node_modules/@angular/platform-browser/fesm2022/platform-browser.mjs",
      "file": "@angular_platform-browser.js",
      "fileHash": "99197085",
      "needsInterop": false
    },
    "@angular/router": {
      "src": "../../../../../../node_modules/@angular/router/fesm2022/router.mjs",
      "file": "@angular_router.js",
      "fileHash": "be8b89f7",
      "needsInterop": false
    },
    "rxjs": {
      "src": "../../../../../../node_modules/rxjs/dist/esm5/index.js",
      "file": "rxjs.js",
      "fileHash": "a1ce81c5",
      "needsInterop": false
    }
  },
  "chunks": {
    "chunk-T4J6LEOU": {
      "file": "chunk-T4J6LEOU.js"
    },
    "chunk-KOO6HHSS": {
      "file": "chunk-KOO6HHSS.js"
    },
    "chunk-VU6X2Q5G": {
      "file": "chunk-VU6X2Q5G.js"
    },
    "chunk-5TID76VL": {
      "file": "chunk-5TID76VL.js"
    }
  }
}