{
  "hash": "612ea71d",
  "configHash": "7006cb72",
  "lockfileHash": "70f071b5",
  "browserHash": "bc27076e",
  "optimized": {
    "@angular/common": {
      "src": "../../../../../../node_modules/@angular/common/fesm2022/common.mjs",
      "file": "@angular_common.js",
      "fileHash": "de8e1b5d",
      "needsInterop": false
    },
    "@angular/core": {
      "src": "../../../../../../node_modules/@angular/core/fesm2022/core.mjs",
      "file": "@angular_core.js",
      "fileHash": "ea7a3dc8",
      "needsInterop": false
    },
    "@angular/forms": {
      "src": "../../../../../../node_modules/@angular/forms/fesm2022/forms.mjs",
      "file": "@angular_forms.js",
      "fileHash": "5b196192",
      "needsInterop": false
    },
    "@angular/platform-browser": {
      "src": "../../../../../../node_modules/@angular/platform-browser/fesm2022/platform-browser.mjs",
      "file": "@angular_platform-browser.js",
      "fileHash": "579f0a3a",
      "needsInterop": false
    },
    "@angular/router": {
      "src": "../../../../../../node_modules/@angular/router/fesm2022/router.mjs",
      "file": "@angular_router.js",
      "fileHash": "db4b31ad",
      "needsInterop": false
    }
  },
  "chunks": {
    "chunk-ZFDWZHPA": {
      "file": "chunk-ZFDWZHPA.js"
    },
    "chunk-H7CEYIRM": {
      "file": "chunk-H7CEYIRM.js"
    },
    "chunk-N243NQOM": {
      "file": "chunk-N243NQOM.js"
    }
  }
}