{
  "hash": "19013827",
  "configHash": "4a3da15e",
  "lockfileHash": "6b1bb8e1",
  "browserHash": "1548a3eb",
  "optimized": {
    "@angular/core": {
      "src": "../../../../../../node_modules/@angular/core/fesm2022/core.mjs",
      "file": "@angular_core.js",
      "fileHash": "ec044b1b",
      "needsInterop": false
    },
    "@angular/platform-browser": {
      "src": "../../../../../../node_modules/@angular/platform-browser/fesm2022/platform-browser.mjs",
      "file": "@angular_platform-browser.js",
      "fileHash": "fb02466b",
      "needsInterop": false
    },
    "@angular/router": {
      "src": "../../../../../../node_modules/@angular/router/fesm2022/router.mjs",
      "file": "@angular_router.js",
      "fileHash": "1a8f9a17",
      "needsInterop": false
    },
    "@angular/forms": {
      "src": "../../../../../../node_modules/@angular/forms/fesm2022/forms.mjs",
      "file": "@angular_forms.js",
      "fileHash": "40d6a717",
      "needsInterop": false
    }
  },
  "chunks": {
    "chunk-3UYWRQGA": {
      "file": "chunk-3UYWRQGA.js"
    },
    "chunk-5NWVKDJ7": {
      "file": "chunk-5NWVKDJ7.js"
    },
    "chunk-4W46YXB2": {
      "file": "chunk-4W46YXB2.js"
    }
  }
}