{
  "hash": "224dbfd0",
  "configHash": "3d705de1",
  "lockfileHash": "172f7831",
  "browserHash": "6c25a47e",
  "optimized": {
    "@angular/common": {
      "src": "../../../../../../node_modules/@angular/common/fesm2022/common.mjs",
      "file": "@angular_common.js",
      "fileHash": "7220efc1",
      "needsInterop": false
    },
    "@angular/core": {
      "src": "../../../../../../node_modules/@angular/core/fesm2022/core.mjs",
      "file": "@angular_core.js",
      "fileHash": "788f8ef6",
      "needsInterop": false
    },
    "@angular/platform-browser": {
      "src": "../../../../../../node_modules/@angular/platform-browser/fesm2022/platform-browser.mjs",
      "file": "@angular_platform-browser.js",
      "fileHash": "0ae22c90",
      "needsInterop": false
    },
    "@angular/router": {
      "src": "../../../../../../node_modules/@angular/router/fesm2022/router.mjs",
      "file": "@angular_router.js",
      "fileHash": "bbab5bf3",
      "needsInterop": false
    },
    "@angular/forms": {
      "src": "../../../../../../node_modules/@angular/forms/fesm2022/forms.mjs",
      "file": "@angular_forms.js",
      "fileHash": "0af1593f",
      "needsInterop": false
    }
  },
  "chunks": {
    "chunk-ZFDWZHPA": {
      "file": "chunk-ZFDWZHPA.js"
    },
    "chunk-H7CEYIRM": {
      "file": "chunk-H7CEYIRM.js"
    },
    "chunk-N243NQOM": {
      "file": "chunk-N243NQOM.js"
    }
  }
}