{
  "hash": "935a6eff",
  "configHash": "4fbcb3b4",
  "lockfileHash": "2c0e72fb",
  "browserHash": "3f820014",
  "optimized": {
    "@angular/common": {
      "src": "../../../../../../node_modules/@angular/common/fesm2022/common.mjs",
      "file": "@angular_common.js",
      "fileHash": "e6c1171f",
      "needsInterop": false
    },
    "@angular/core": {
      "src": "../../../../../../node_modules/@angular/core/fesm2022/core.mjs",
      "file": "@angular_core.js",
      "fileHash": "713d2283",
      "needsInterop": false
    },
    "@angular/platform-browser": {
      "src": "../../../../../../node_modules/@angular/platform-browser/fesm2022/platform-browser.mjs",
      "file": "@angular_platform-browser.js",
      "fileHash": "258ce8f1",
      "needsInterop": false
    },
    "@angular/router": {
      "src": "../../../../../../node_modules/@angular/router/fesm2022/router.mjs",
      "file": "@angular_router.js",
      "fileHash": "a55d7e41",
      "needsInterop": false
    }
  },
  "chunks": {
    "chunk-PWPJSDCB": {
      "file": "chunk-PWPJSDCB.js"
    },
    "chunk-L2PMZNNI": {
      "file": "chunk-L2PMZNNI.js"
    },
    "chunk-76OAE7CP": {
      "file": "chunk-76OAE7CP.js"
    }
  }
}