{
  "hash": "0faeb796",
  "configHash": "98f74eb9",
  "lockfileHash": "1fbc611d",
  "browserHash": "13212209",
  "optimized": {
    "@angular/core": {
      "src": "../../../../../../node_modules/@angular/core/fesm2022/core.mjs",
      "file": "@angular_core.js",
      "fileHash": "0b454b94",
      "needsInterop": false
    },
    "@angular/platform-browser": {
      "src": "../../../../../../node_modules/@angular/platform-browser/fesm2022/platform-browser.mjs",
      "file": "@angular_platform-browser.js",
      "fileHash": "f59e1d56",
      "needsInterop": false
    },
    "@angular/router": {
      "src": "../../../../../../node_modules/@angular/router/fesm2022/router.mjs",
      "file": "@angular_router.js",
      "fileHash": "9e1bf7bf",
      "needsInterop": false
    }
  },
  "chunks": {
    "chunk-XUG2OY5P": {
      "file": "chunk-XUG2OY5P.js"
    },
    "chunk-6CJ6BJGL": {
      "file": "chunk-6CJ6BJGL.js"
    }
  }
}