{
  "hash": "b4990ad8",
  "configHash": "d6f20246",
  "lockfileHash": "3dcb3453",
  "browserHash": "f3dba661",
  "optimized": {
    "@angular/common": {
      "src": "../../../../../../node_modules/@angular/common/fesm2022/common.mjs",
      "file": "@angular_common.js",
      "fileHash": "e189ef80",
      "needsInterop": false
    },
    "@angular/core": {
      "src": "../../../../../../node_modules/@angular/core/fesm2022/core.mjs",
      "file": "@angular_core.js",
      "fileHash": "fb78d78c",
      "needsInterop": false
    },
    "@angular/platform-browser": {
      "src": "../../../../../../node_modules/@angular/platform-browser/fesm2022/platform-browser.mjs",
      "file": "@angular_platform-browser.js",
      "fileHash": "387ebdd3",
      "needsInterop": false
    },
    "@angular/router": {
      "src": "../../../../../../node_modules/@angular/router/fesm2022/router.mjs",
      "file": "@angular_router.js",
      "fileHash": "cce1ae2e",
      "needsInterop": false
    }
  },
  "chunks": {
    "chunk-PWPJSDCB": {
      "file": "chunk-PWPJSDCB.js"
    },
    "chunk-L2PMZNNI": {
      "file": "chunk-L2PMZNNI.js"
    },
    "chunk-76OAE7CP": {
      "file": "chunk-76OAE7CP.js"
    }
  }
}