{
  "hash": "ea21564e",
  "configHash": "e0683e32",
  "lockfileHash": "390b2ea6",
  "browserHash": "01917f0f",
  "optimized": {
    "@angular/common": {
      "src": "../../../../../../node_modules/@angular/common/fesm2022/common.mjs",
      "file": "@angular_common.js",
      "fileHash": "0e5af392",
      "needsInterop": false
    },
    "@angular/core": {
      "src": "../../../../../../node_modules/@angular/core/fesm2022/core.mjs",
      "file": "@angular_core.js",
      "fileHash": "2b677fda",
      "needsInterop": false
    },
    "@angular/platform-browser": {
      "src": "../../../../../../node_modules/@angular/platform-browser/fesm2022/platform-browser.mjs",
      "file": "@angular_platform-browser.js",
      "fileHash": "0d1e002f",
      "needsInterop": false
    },
    "@angular/router": {
      "src": "../../../../../../node_modules/@angular/router/fesm2022/router.mjs",
      "file": "@angular_router.js",
      "fileHash": "fa6e351a",
      "needsInterop": false
    }
  },
  "chunks": {
    "chunk-PWPJSDCB": {
      "file": "chunk-PWPJSDCB.js"
    },
    "chunk-L2PMZNNI": {
      "file": "chunk-L2PMZNNI.js"
    },
    "chunk-76OAE7CP": {
      "file": "chunk-76OAE7CP.js"
    }
  }
}